{"critic_lr": -2.0635588545697137, "actor_lr": -2.8515032693057445, "update_freq": 1}