{"critic_lr": -1.786812112872882, "actor_lr": -1.6305091066521018, "hidden_dim": 13, "polyak_update_freq": 37}