{"critic_lr": -2.2672298452280444, "actor_lr": -2.906366144235716, "hidden_dim": 11, "polyak_update_freq": 34}