{"critic_lr": -4.0229307760593205, "actor_lr": -1.0853761494880982, "hidden_dim": 26, "polyak_update_freq": 9}